-- phpMyAdmin SQL Dump
-- version 5.1.1
-- https://www.phpmyadmin.net/
--
-- Host: 127.0.0.1
-- Generation Time: Sep 14, 2022 at 09:35 PM
-- Server version: 10.4.22-MariaDB
-- PHP Version: 8.1.2

SET SQL_MODE = "NO_AUTO_VALUE_ON_ZERO";
START TRANSACTION;
SET time_zone = "+00:00";


/*!40101 SET @OLD_CHARACTER_SET_CLIENT=@@CHARACTER_SET_CLIENT */;
/*!40101 SET @OLD_CHARACTER_SET_RESULTS=@@CHARACTER_SET_RESULTS */;
/*!40101 SET @OLD_COLLATION_CONNECTION=@@COLLATION_CONNECTION */;
/*!40101 SET NAMES utf8mb4 */;

--
-- Database: `horario`
--

-- --------------------------------------------------------

--
-- Table structure for table `afectaciones`
--

CREATE TABLE `afectaciones` (
  `id` int(11) NOT NULL,
  `id_afect` int(11) NOT NULL,
  `id_supl` int(11) NOT NULL
) ENGINE=InnoDB DEFAULT CHARSET=utf8mb4;

-- --------------------------------------------------------

--
-- Table structure for table `asignaciones`
--

CREATE TABLE `asignaciones` (
  `id` int(11) NOT NULL,
  `id_disp` int(11) NOT NULL,
  `id_planif` int(11) NOT NULL,
  `semana` int(11) NOT NULL
) ENGINE=InnoDB DEFAULT CHARSET=utf8mb4;

-- --------------------------------------------------------

--
-- Table structure for table `asignaturas`
--

CREATE TABLE `asignaturas` (
  `id` int(11) NOT NULL,
  `nombre` varchar(255) NOT NULL,
  `descripcion` varchar(255) NOT NULL,
  `anno` int(11) NOT NULL,
  `seccion` int(11) NOT NULL
) ENGINE=InnoDB DEFAULT CHARSET=utf8mb4;

--
-- Dumping data for table `asignaturas`
--

INSERT INTO `asignaturas` (`id`, `nombre`, `descripcion`, `anno`, `seccion`) VALUES
(1, 'AL', 'Algebra Lineal', 1, 1),
(2, 'ICI', 'Introdución a Las Ciencias Informáticas', 1, 1),
(3, 'SN', 'Seguridad Nacional', 1, 1),
(4, 'MD', 'Matemática Discreta', 1, 1),
(5, 'IP', 'Introducción a La Programación', 1, 1),
(6, 'EF', 'Educación Física', 1, 2);

-- --------------------------------------------------------

--
-- Table structure for table `balance_de_carga`
--

CREATE TABLE `balance_de_carga` (
  `id` int(11) NOT NULL,
  `id_asig` int(11) NOT NULL,
  `frecuencia` int(11) NOT NULL,
  `tipo_de_clases` int(11) NOT NULL,
  `semana` int(11) NOT NULL
) ENGINE=InnoDB DEFAULT CHARSET=utf8mb4;

-- --------------------------------------------------------

--
-- Table structure for table `disponibilidad`
--

CREATE TABLE `disponibilidad` (
  `id` int(11) NOT NULL,
  `local` int(11) NOT NULL,
  `dia` int(11) NOT NULL,
  `turno` int(11) NOT NULL
) ENGINE=InnoDB DEFAULT CHARSET=utf8mb4;

--
-- Dumping data for table `disponibilidad`
--

INSERT INTO `disponibilidad` (`id`, `local`, `dia`, `turno`) VALUES
(1, 1, 1, 1),
(2, 2, 1, 1),
(3, 3, 1, 1),
(4, 4, 1, 1),
(5, 5, 1, 1),
(6, 6, 1, 1),
(7, 7, 1, 1),
(8, 8, 1, 1),
(9, 9, 1, 1),
(10, 10, 1, 1),
(11, 11, 1, 1),
(12, 12, 1, 1),
(13, 13, 1, 1),
(14, 14, 1, 1),
(15, 15, 1, 1),
(16, 16, 1, 1),
(17, 17, 1, 1),
(18, 18, 1, 1),
(19, 19, 1, 1),
(20, 20, 1, 1),
(21, 21, 1, 1),
(22, 22, 1, 1),
(23, 23, 1, 1),
(24, 24, 1, 1),
(25, 25, 1, 1),
(26, 26, 1, 1),
(27, 27, 1, 1),
(28, 28, 1, 1),
(29, 29, 1, 1),
(30, 30, 1, 1),
(31, 31, 1, 1),
(32, 32, 1, 1),
(33, 33, 1, 1),
(34, 34, 1, 1),
(35, 35, 1, 1),
(36, 36, 1, 1),
(37, 37, 1, 1),
(38, 38, 1, 1),
(39, 1, 1, 2),
(40, 2, 1, 2),
(41, 3, 1, 2),
(42, 4, 1, 2),
(43, 5, 1, 2),
(44, 6, 1, 2),
(45, 7, 1, 2),
(46, 8, 1, 2),
(47, 9, 1, 2),
(48, 10, 1, 2),
(49, 11, 1, 2),
(50, 12, 1, 2),
(51, 13, 1, 2),
(52, 14, 1, 2),
(53, 15, 1, 2),
(54, 16, 1, 2),
(55, 17, 1, 2),
(56, 18, 1, 2),
(57, 19, 1, 2),
(58, 20, 1, 2),
(59, 21, 1, 2),
(60, 22, 1, 2),
(61, 23, 1, 2),
(62, 24, 1, 2),
(63, 25, 1, 2),
(64, 26, 1, 2),
(65, 27, 1, 2),
(66, 28, 1, 2),
(67, 29, 1, 2),
(68, 30, 1, 2),
(69, 31, 1, 2),
(70, 32, 1, 2),
(71, 33, 1, 2),
(72, 34, 1, 2),
(73, 35, 1, 2),
(74, 36, 1, 2),
(75, 37, 1, 2),
(76, 38, 1, 2),
(77, 1, 1, 3),
(78, 2, 1, 3),
(79, 3, 1, 3),
(80, 4, 1, 3),
(81, 5, 1, 3),
(82, 6, 1, 3),
(83, 7, 1, 3),
(84, 8, 1, 3),
(85, 9, 1, 3),
(86, 10, 1, 3),
(87, 11, 1, 3),
(88, 12, 1, 3),
(89, 13, 1, 3),
(90, 14, 1, 3),
(91, 15, 1, 3),
(92, 16, 1, 3),
(93, 17, 1, 3),
(94, 18, 1, 3),
(95, 19, 1, 3),
(96, 20, 1, 3),
(97, 21, 1, 3),
(98, 22, 1, 3),
(99, 23, 1, 3),
(100, 24, 1, 3),
(101, 25, 1, 3),
(102, 26, 1, 3),
(103, 27, 1, 3),
(104, 28, 1, 3),
(105, 29, 1, 3),
(106, 30, 1, 3),
(107, 31, 1, 3),
(108, 32, 1, 3),
(109, 33, 1, 3),
(110, 34, 1, 3),
(111, 35, 1, 3),
(112, 36, 1, 3),
(113, 37, 1, 3),
(114, 38, 1, 3),
(115, 1, 1, 4),
(116, 2, 1, 4),
(117, 3, 1, 4),
(118, 4, 1, 4),
(119, 5, 1, 4),
(120, 6, 1, 4),
(121, 7, 1, 4),
(122, 8, 1, 4),
(123, 9, 1, 4),
(124, 10, 1, 4),
(125, 11, 1, 4),
(126, 12, 1, 4),
(127, 13, 1, 4),
(128, 14, 1, 4),
(129, 15, 1, 4),
(130, 16, 1, 4),
(131, 17, 1, 4),
(132, 18, 1, 4),
(133, 19, 1, 4),
(134, 20, 1, 4),
(135, 21, 1, 4),
(136, 22, 1, 4),
(137, 23, 1, 4),
(138, 24, 1, 4),
(139, 25, 1, 4),
(140, 26, 1, 4),
(141, 27, 1, 4),
(142, 28, 1, 4),
(143, 29, 1, 4),
(144, 30, 1, 4),
(145, 31, 1, 4),
(146, 32, 1, 4),
(147, 33, 1, 4),
(148, 34, 1, 4),
(149, 35, 1, 4),
(150, 36, 1, 4),
(151, 37, 1, 4),
(152, 38, 1, 4),
(153, 1, 1, 5),
(154, 2, 1, 5),
(155, 3, 1, 5),
(156, 4, 1, 5),
(157, 5, 1, 5),
(158, 6, 1, 5),
(159, 7, 1, 5),
(160, 8, 1, 5),
(161, 9, 1, 5),
(162, 10, 1, 5),
(163, 11, 1, 5),
(164, 12, 1, 5),
(165, 13, 1, 5),
(166, 14, 1, 5),
(167, 15, 1, 5),
(168, 16, 1, 5),
(169, 17, 1, 5),
(170, 18, 1, 5),
(171, 19, 1, 5),
(172, 20, 1, 5),
(173, 21, 1, 5),
(174, 22, 1, 5),
(175, 23, 1, 5),
(176, 24, 1, 5),
(177, 25, 1, 5),
(178, 26, 1, 5),
(179, 27, 1, 5),
(180, 28, 1, 5),
(181, 29, 1, 5),
(182, 30, 1, 5),
(183, 31, 1, 5),
(184, 32, 1, 5),
(185, 33, 1, 5),
(186, 34, 1, 5),
(187, 35, 1, 5),
(188, 36, 1, 5),
(189, 37, 1, 5),
(190, 38, 1, 5),
(191, 1, 1, 6),
(192, 2, 1, 6),
(193, 3, 1, 6),
(194, 4, 1, 6),
(195, 5, 1, 6),
(196, 6, 1, 6),
(197, 7, 1, 6),
(198, 8, 1, 6),
(199, 9, 1, 6),
(200, 10, 1, 6),
(201, 11, 1, 6),
(202, 12, 1, 6),
(203, 13, 1, 6),
(204, 14, 1, 6),
(205, 15, 1, 6),
(206, 16, 1, 6),
(207, 17, 1, 6),
(208, 18, 1, 6),
(209, 19, 1, 6),
(210, 20, 1, 6),
(211, 21, 1, 6),
(212, 22, 1, 6),
(213, 23, 1, 6),
(214, 24, 1, 6),
(215, 25, 1, 6),
(216, 26, 1, 6),
(217, 27, 1, 6),
(218, 28, 1, 6),
(219, 29, 1, 6),
(220, 30, 1, 6),
(221, 31, 1, 6),
(222, 32, 1, 6),
(223, 33, 1, 6),
(224, 34, 1, 6),
(225, 35, 1, 6),
(226, 36, 1, 6),
(227, 37, 1, 6),
(228, 38, 1, 6),
(229, 1, 2, 1),
(230, 2, 2, 1),
(231, 3, 2, 1),
(232, 4, 2, 1),
(233, 5, 2, 1),
(234, 6, 2, 1),
(235, 7, 2, 1),
(236, 8, 2, 1),
(237, 9, 2, 1),
(238, 10, 2, 1),
(239, 11, 2, 1),
(240, 12, 2, 1),
(241, 13, 2, 1),
(242, 14, 2, 1),
(243, 15, 2, 1),
(244, 16, 2, 1),
(245, 17, 2, 1),
(246, 18, 2, 1),
(247, 19, 2, 1),
(248, 20, 2, 1),
(249, 21, 2, 1),
(250, 22, 2, 1),
(251, 23, 2, 1),
(252, 24, 2, 1),
(253, 25, 2, 1),
(254, 26, 2, 1),
(255, 27, 2, 1),
(256, 28, 2, 1),
(257, 29, 2, 1),
(258, 30, 2, 1),
(259, 31, 2, 1),
(260, 32, 2, 1),
(261, 33, 2, 1),
(262, 34, 2, 1),
(263, 35, 2, 1),
(264, 36, 2, 1),
(265, 37, 2, 1),
(266, 38, 2, 1),
(267, 1, 2, 2),
(268, 2, 2, 2),
(269, 3, 2, 2),
(270, 4, 2, 2),
(271, 5, 2, 2),
(272, 6, 2, 2),
(273, 7, 2, 2),
(274, 8, 2, 2),
(275, 9, 2, 2),
(276, 10, 2, 2),
(277, 11, 2, 2),
(278, 12, 2, 2),
(279, 13, 2, 2),
(280, 14, 2, 2),
(281, 15, 2, 2),
(282, 16, 2, 2),
(283, 17, 2, 2),
(284, 18, 2, 2),
(285, 19, 2, 2),
(286, 20, 2, 2),
(287, 21, 2, 2),
(288, 22, 2, 2),
(289, 23, 2, 2),
(290, 24, 2, 2),
(291, 25, 2, 2),
(292, 26, 2, 2),
(293, 27, 2, 2),
(294, 28, 2, 2),
(295, 29, 2, 2),
(296, 30, 2, 2),
(297, 31, 2, 2),
(298, 32, 2, 2),
(299, 33, 2, 2),
(300, 34, 2, 2),
(301, 35, 2, 2),
(302, 36, 2, 2),
(303, 37, 2, 2),
(304, 38, 2, 2),
(305, 1, 2, 3),
(306, 2, 2, 3),
(307, 3, 2, 3),
(308, 4, 2, 3),
(309, 5, 2, 3),
(310, 6, 2, 3),
(311, 7, 2, 3),
(312, 8, 2, 3),
(313, 9, 2, 3),
(314, 10, 2, 3),
(315, 11, 2, 3),
(316, 12, 2, 3),
(317, 13, 2, 3),
(318, 14, 2, 3),
(319, 15, 2, 3),
(320, 16, 2, 3),
(321, 17, 2, 3),
(322, 18, 2, 3),
(323, 19, 2, 3),
(324, 20, 2, 3),
(325, 21, 2, 3),
(326, 22, 2, 3),
(327, 23, 2, 3),
(328, 24, 2, 3),
(329, 25, 2, 3),
(330, 26, 2, 3),
(331, 27, 2, 3),
(332, 28, 2, 3),
(333, 29, 2, 3),
(334, 30, 2, 3),
(335, 31, 2, 3),
(336, 32, 2, 3),
(337, 33, 2, 3),
(338, 34, 2, 3),
(339, 35, 2, 3),
(340, 36, 2, 3),
(341, 37, 2, 3),
(342, 38, 2, 3),
(343, 1, 2, 4),
(344, 2, 2, 4),
(345, 3, 2, 4),
(346, 4, 2, 4),
(347, 5, 2, 4),
(348, 6, 2, 4),
(349, 7, 2, 4),
(350, 8, 2, 4),
(351, 9, 2, 4),
(352, 10, 2, 4),
(353, 11, 2, 4),
(354, 12, 2, 4),
(355, 13, 2, 4),
(356, 14, 2, 4),
(357, 15, 2, 4),
(358, 16, 2, 4),
(359, 17, 2, 4),
(360, 18, 2, 4),
(361, 19, 2, 4),
(362, 20, 2, 4),
(363, 21, 2, 4),
(364, 22, 2, 4),
(365, 23, 2, 4),
(366, 24, 2, 4),
(367, 25, 2, 4),
(368, 26, 2, 4),
(369, 27, 2, 4),
(370, 28, 2, 4),
(371, 29, 2, 4),
(372, 30, 2, 4),
(373, 31, 2, 4),
(374, 32, 2, 4),
(375, 33, 2, 4),
(376, 34, 2, 4),
(377, 35, 2, 4),
(378, 36, 2, 4),
(379, 37, 2, 4),
(380, 38, 2, 4),
(381, 1, 2, 5),
(382, 2, 2, 5),
(383, 3, 2, 5),
(384, 4, 2, 5),
(385, 5, 2, 5),
(386, 6, 2, 5),
(387, 7, 2, 5),
(388, 8, 2, 5),
(389, 9, 2, 5),
(390, 10, 2, 5),
(391, 11, 2, 5),
(392, 12, 2, 5),
(393, 13, 2, 5),
(394, 14, 2, 5),
(395, 15, 2, 5),
(396, 16, 2, 5),
(397, 17, 2, 5),
(398, 18, 2, 5),
(399, 19, 2, 5),
(400, 20, 2, 5),
(401, 21, 2, 5),
(402, 22, 2, 5),
(403, 23, 2, 5),
(404, 24, 2, 5),
(405, 25, 2, 5),
(406, 26, 2, 5),
(407, 27, 2, 5),
(408, 28, 2, 5),
(409, 29, 2, 5),
(410, 30, 2, 5),
(411, 31, 2, 5),
(412, 32, 2, 5),
(413, 33, 2, 5),
(414, 34, 2, 5),
(415, 35, 2, 5),
(416, 36, 2, 5),
(417, 37, 2, 5),
(418, 38, 2, 5),
(419, 1, 2, 6),
(420, 2, 2, 6),
(421, 3, 2, 6),
(422, 4, 2, 6),
(423, 5, 2, 6),
(424, 6, 2, 6),
(425, 7, 2, 6),
(426, 8, 2, 6),
(427, 9, 2, 6),
(428, 10, 2, 6),
(429, 11, 2, 6),
(430, 12, 2, 6),
(431, 13, 2, 6),
(432, 14, 2, 6),
(433, 15, 2, 6),
(434, 16, 2, 6),
(435, 17, 2, 6),
(436, 18, 2, 6),
(437, 19, 2, 6),
(438, 20, 2, 6),
(439, 21, 2, 6),
(440, 22, 2, 6),
(441, 23, 2, 6),
(442, 24, 2, 6),
(443, 25, 2, 6),
(444, 26, 2, 6),
(445, 27, 2, 6),
(446, 28, 2, 6),
(447, 29, 2, 6),
(448, 30, 2, 6),
(449, 31, 2, 6),
(450, 32, 2, 6),
(451, 33, 2, 6),
(452, 34, 2, 6),
(453, 35, 2, 6),
(454, 36, 2, 6),
(455, 37, 2, 6),
(456, 38, 2, 6),
(457, 1, 3, 1),
(458, 2, 3, 1),
(459, 3, 3, 1),
(460, 4, 3, 1),
(461, 5, 3, 1),
(462, 6, 3, 1),
(463, 7, 3, 1),
(464, 8, 3, 1),
(465, 9, 3, 1),
(466, 10, 3, 1),
(467, 11, 3, 1),
(468, 12, 3, 1),
(469, 13, 3, 1),
(470, 14, 3, 1),
(471, 15, 3, 1),
(472, 16, 3, 1),
(473, 17, 3, 1),
(474, 18, 3, 1),
(475, 19, 3, 1),
(476, 20, 3, 1),
(477, 21, 3, 1),
(478, 22, 3, 1),
(479, 23, 3, 1),
(480, 24, 3, 1),
(481, 25, 3, 1),
(482, 26, 3, 1),
(483, 27, 3, 1),
(484, 28, 3, 1),
(485, 29, 3, 1),
(486, 30, 3, 1),
(487, 31, 3, 1),
(488, 32, 3, 1),
(489, 33, 3, 1),
(490, 34, 3, 1),
(491, 35, 3, 1),
(492, 36, 3, 1),
(493, 37, 3, 1),
(494, 38, 3, 1),
(495, 1, 3, 2),
(496, 2, 3, 2),
(497, 3, 3, 2),
(498, 4, 3, 2),
(499, 5, 3, 2),
(500, 6, 3, 2),
(501, 7, 3, 2),
(502, 8, 3, 2),
(503, 9, 3, 2),
(504, 10, 3, 2),
(505, 11, 3, 2),
(506, 12, 3, 2),
(507, 13, 3, 2),
(508, 14, 3, 2),
(509, 15, 3, 2),
(510, 16, 3, 2),
(511, 17, 3, 2),
(512, 18, 3, 2),
(513, 19, 3, 2),
(514, 20, 3, 2),
(515, 21, 3, 2),
(516, 22, 3, 2),
(517, 23, 3, 2),
(518, 24, 3, 2),
(519, 25, 3, 2),
(520, 26, 3, 2),
(521, 27, 3, 2),
(522, 28, 3, 2),
(523, 29, 3, 2),
(524, 30, 3, 2),
(525, 31, 3, 2),
(526, 32, 3, 2),
(527, 33, 3, 2),
(528, 34, 3, 2),
(529, 35, 3, 2),
(530, 36, 3, 2),
(531, 37, 3, 2),
(532, 38, 3, 2),
(533, 1, 3, 3),
(534, 2, 3, 3),
(535, 3, 3, 3),
(536, 4, 3, 3),
(537, 5, 3, 3),
(538, 6, 3, 3),
(539, 7, 3, 3),
(540, 8, 3, 3),
(541, 9, 3, 3),
(542, 10, 3, 3),
(543, 11, 3, 3),
(544, 12, 3, 3),
(545, 13, 3, 3),
(546, 14, 3, 3),
(547, 15, 3, 3),
(548, 16, 3, 3),
(549, 17, 3, 3),
(550, 18, 3, 3),
(551, 19, 3, 3),
(552, 20, 3, 3),
(553, 21, 3, 3),
(554, 22, 3, 3),
(555, 23, 3, 3),
(556, 24, 3, 3),
(557, 25, 3, 3),
(558, 26, 3, 3),
(559, 27, 3, 3),
(560, 28, 3, 3),
(561, 29, 3, 3),
(562, 30, 3, 3),
(563, 31, 3, 3),
(564, 32, 3, 3),
(565, 33, 3, 3),
(566, 34, 3, 3),
(567, 35, 3, 3),
(568, 36, 3, 3),
(569, 37, 3, 3),
(570, 38, 3, 3),
(571, 1, 3, 4),
(572, 2, 3, 4),
(573, 3, 3, 4),
(574, 4, 3, 4),
(575, 5, 3, 4),
(576, 6, 3, 4),
(577, 7, 3, 4),
(578, 8, 3, 4),
(579, 9, 3, 4),
(580, 10, 3, 4),
(581, 11, 3, 4),
(582, 12, 3, 4),
(583, 13, 3, 4),
(584, 14, 3, 4),
(585, 15, 3, 4),
(586, 16, 3, 4),
(587, 17, 3, 4),
(588, 18, 3, 4),
(589, 19, 3, 4),
(590, 20, 3, 4),
(591, 21, 3, 4),
(592, 22, 3, 4),
(593, 23, 3, 4),
(594, 24, 3, 4),
(595, 25, 3, 4),
(596, 26, 3, 4),
(597, 27, 3, 4),
(598, 28, 3, 4),
(599, 29, 3, 4),
(600, 30, 3, 4),
(601, 31, 3, 4),
(602, 32, 3, 4),
(603, 33, 3, 4),
(604, 34, 3, 4),
(605, 35, 3, 4),
(606, 36, 3, 4),
(607, 37, 3, 4),
(608, 38, 3, 4),
(609, 1, 3, 5),
(610, 2, 3, 5),
(611, 3, 3, 5),
(612, 4, 3, 5),
(613, 5, 3, 5),
(614, 6, 3, 5),
(615, 7, 3, 5),
(616, 8, 3, 5),
(617, 9, 3, 5),
(618, 10, 3, 5),
(619, 11, 3, 5),
(620, 12, 3, 5),
(621, 13, 3, 5),
(622, 14, 3, 5),
(623, 15, 3, 5),
(624, 16, 3, 5),
(625, 17, 3, 5),
(626, 18, 3, 5),
(627, 19, 3, 5),
(628, 20, 3, 5),
(629, 21, 3, 5),
(630, 22, 3, 5),
(631, 23, 3, 5),
(632, 24, 3, 5),
(633, 25, 3, 5),
(634, 26, 3, 5),
(635, 27, 3, 5),
(636, 28, 3, 5),
(637, 29, 3, 5),
(638, 30, 3, 5),
(639, 31, 3, 5),
(640, 32, 3, 5),
(641, 33, 3, 5),
(642, 34, 3, 5),
(643, 35, 3, 5),
(644, 36, 3, 5),
(645, 37, 3, 5),
(646, 38, 3, 5),
(647, 1, 3, 6),
(648, 2, 3, 6),
(649, 3, 3, 6),
(650, 4, 3, 6),
(651, 5, 3, 6),
(652, 6, 3, 6),
(653, 7, 3, 6),
(654, 8, 3, 6),
(655, 9, 3, 6),
(656, 10, 3, 6),
(657, 11, 3, 6),
(658, 12, 3, 6),
(659, 13, 3, 6),
(660, 14, 3, 6),
(661, 15, 3, 6),
(662, 16, 3, 6),
(663, 17, 3, 6),
(664, 18, 3, 6),
(665, 19, 3, 6),
(666, 20, 3, 6),
(667, 21, 3, 6),
(668, 22, 3, 6),
(669, 23, 3, 6),
(670, 24, 3, 6),
(671, 25, 3, 6),
(672, 26, 3, 6),
(673, 27, 3, 6),
(674, 28, 3, 6),
(675, 29, 3, 6),
(676, 30, 3, 6),
(677, 31, 3, 6),
(678, 32, 3, 6),
(679, 33, 3, 6),
(680, 34, 3, 6),
(681, 35, 3, 6),
(682, 36, 3, 6),
(683, 37, 3, 6),
(684, 38, 3, 6),
(685, 1, 4, 1),
(686, 2, 4, 1),
(687, 3, 4, 1),
(688, 4, 4, 1),
(689, 5, 4, 1),
(690, 6, 4, 1),
(691, 7, 4, 1),
(692, 8, 4, 1),
(693, 9, 4, 1),
(694, 10, 4, 1),
(695, 11, 4, 1),
(696, 12, 4, 1),
(697, 13, 4, 1),
(698, 14, 4, 1),
(699, 15, 4, 1),
(700, 16, 4, 1),
(701, 17, 4, 1),
(702, 18, 4, 1),
(703, 19, 4, 1),
(704, 20, 4, 1),
(705, 21, 4, 1),
(706, 22, 4, 1),
(707, 23, 4, 1),
(708, 24, 4, 1),
(709, 25, 4, 1),
(710, 26, 4, 1),
(711, 27, 4, 1),
(712, 28, 4, 1),
(713, 29, 4, 1),
(714, 30, 4, 1),
(715, 31, 4, 1),
(716, 32, 4, 1),
(717, 33, 4, 1),
(718, 34, 4, 1),
(719, 35, 4, 1),
(720, 36, 4, 1),
(721, 37, 4, 1),
(722, 38, 4, 1),
(723, 1, 4, 2),
(724, 2, 4, 2),
(725, 3, 4, 2),
(726, 4, 4, 2),
(727, 5, 4, 2),
(728, 6, 4, 2),
(729, 7, 4, 2),
(730, 8, 4, 2),
(731, 9, 4, 2),
(732, 10, 4, 2),
(733, 11, 4, 2),
(734, 12, 4, 2),
(735, 13, 4, 2),
(736, 14, 4, 2),
(737, 15, 4, 2),
(738, 16, 4, 2),
(739, 17, 4, 2),
(740, 18, 4, 2),
(741, 19, 4, 2),
(742, 20, 4, 2),
(743, 21, 4, 2),
(744, 22, 4, 2),
(745, 23, 4, 2),
(746, 24, 4, 2),
(747, 25, 4, 2),
(748, 26, 4, 2),
(749, 27, 4, 2),
(750, 28, 4, 2),
(751, 29, 4, 2),
(752, 30, 4, 2),
(753, 31, 4, 2),
(754, 32, 4, 2),
(755, 33, 4, 2),
(756, 34, 4, 2),
(757, 35, 4, 2),
(758, 36, 4, 2),
(759, 37, 4, 2),
(760, 38, 4, 2),
(761, 1, 4, 3),
(762, 2, 4, 3),
(763, 3, 4, 3),
(764, 4, 4, 3),
(765, 5, 4, 3),
(766, 6, 4, 3),
(767, 7, 4, 3),
(768, 8, 4, 3),
(769, 9, 4, 3),
(770, 10, 4, 3),
(771, 11, 4, 3),
(772, 12, 4, 3),
(773, 13, 4, 3),
(774, 14, 4, 3),
(775, 15, 4, 3),
(776, 16, 4, 3),
(777, 17, 4, 3),
(778, 18, 4, 3),
(779, 19, 4, 3),
(780, 20, 4, 3),
(781, 21, 4, 3),
(782, 22, 4, 3),
(783, 23, 4, 3),
(784, 24, 4, 3),
(785, 25, 4, 3),
(786, 26, 4, 3),
(787, 27, 4, 3),
(788, 28, 4, 3),
(789, 29, 4, 3),
(790, 30, 4, 3),
(791, 31, 4, 3),
(792, 32, 4, 3),
(793, 33, 4, 3),
(794, 34, 4, 3),
(795, 35, 4, 3),
(796, 36, 4, 3),
(797, 37, 4, 3),
(798, 38, 4, 3),
(799, 1, 4, 4),
(800, 2, 4, 4),
(801, 3, 4, 4),
(802, 4, 4, 4),
(803, 5, 4, 4),
(804, 6, 4, 4),
(805, 7, 4, 4),
(806, 8, 4, 4),
(807, 9, 4, 4),
(808, 10, 4, 4),
(809, 11, 4, 4),
(810, 12, 4, 4),
(811, 13, 4, 4),
(812, 14, 4, 4),
(813, 15, 4, 4),
(814, 16, 4, 4),
(815, 17, 4, 4),
(816, 18, 4, 4),
(817, 19, 4, 4),
(818, 20, 4, 4),
(819, 21, 4, 4),
(820, 22, 4, 4),
(821, 23, 4, 4),
(822, 24, 4, 4),
(823, 25, 4, 4),
(824, 26, 4, 4),
(825, 27, 4, 4),
(826, 28, 4, 4),
(827, 29, 4, 4),
(828, 30, 4, 4),
(829, 31, 4, 4),
(830, 32, 4, 4),
(831, 33, 4, 4),
(832, 34, 4, 4),
(833, 35, 4, 4),
(834, 36, 4, 4),
(835, 37, 4, 4),
(836, 38, 4, 4),
(837, 1, 4, 5),
(838, 2, 4, 5),
(839, 3, 4, 5),
(840, 4, 4, 5),
(841, 5, 4, 5),
(842, 6, 4, 5),
(843, 7, 4, 5),
(844, 8, 4, 5),
(845, 9, 4, 5),
(846, 10, 4, 5),
(847, 11, 4, 5),
(848, 12, 4, 5),
(849, 13, 4, 5),
(850, 14, 4, 5),
(851, 15, 4, 5),
(852, 16, 4, 5),
(853, 17, 4, 5),
(854, 18, 4, 5),
(855, 19, 4, 5),
(856, 20, 4, 5),
(857, 21, 4, 5),
(858, 22, 4, 5),
(859, 23, 4, 5),
(860, 24, 4, 5),
(861, 25, 4, 5),
(862, 26, 4, 5),
(863, 27, 4, 5),
(864, 28, 4, 5),
(865, 29, 4, 5),
(866, 30, 4, 5),
(867, 31, 4, 5),
(868, 32, 4, 5),
(869, 33, 4, 5),
(870, 34, 4, 5),
(871, 35, 4, 5),
(872, 36, 4, 5),
(873, 37, 4, 5),
(874, 38, 4, 5),
(875, 1, 4, 6),
(876, 2, 4, 6),
(877, 3, 4, 6),
(878, 4, 4, 6),
(879, 5, 4, 6),
(880, 6, 4, 6),
(881, 7, 4, 6),
(882, 8, 4, 6),
(883, 9, 4, 6),
(884, 10, 4, 6),
(885, 11, 4, 6),
(886, 12, 4, 6),
(887, 13, 4, 6),
(888, 14, 4, 6),
(889, 15, 4, 6),
(890, 16, 4, 6),
(891, 17, 4, 6),
(892, 18, 4, 6),
(893, 19, 4, 6),
(894, 20, 4, 6),
(895, 21, 4, 6),
(896, 22, 4, 6),
(897, 23, 4, 6),
(898, 24, 4, 6),
(899, 25, 4, 6),
(900, 26, 4, 6),
(901, 27, 4, 6),
(902, 28, 4, 6),
(903, 29, 4, 6),
(904, 30, 4, 6),
(905, 31, 4, 6),
(906, 32, 4, 6),
(907, 33, 4, 6),
(908, 34, 4, 6),
(909, 35, 4, 6),
(910, 36, 4, 6),
(911, 37, 4, 6),
(912, 38, 4, 6),
(913, 1, 5, 1),
(914, 2, 5, 1),
(915, 3, 5, 1),
(916, 4, 5, 1),
(917, 5, 5, 1),
(918, 6, 5, 1),
(919, 7, 5, 1),
(920, 8, 5, 1),
(921, 9, 5, 1),
(922, 10, 5, 1),
(923, 11, 5, 1),
(924, 12, 5, 1),
(925, 13, 5, 1),
(926, 14, 5, 1),
(927, 15, 5, 1),
(928, 16, 5, 1),
(929, 17, 5, 1),
(930, 18, 5, 1),
(931, 19, 5, 1),
(932, 20, 5, 1),
(933, 21, 5, 1),
(934, 22, 5, 1),
(935, 23, 5, 1),
(936, 24, 5, 1),
(937, 25, 5, 1),
(938, 26, 5, 1),
(939, 27, 5, 1),
(940, 28, 5, 1),
(941, 29, 5, 1),
(942, 30, 5, 1),
(943, 31, 5, 1),
(944, 32, 5, 1),
(945, 33, 5, 1),
(946, 34, 5, 1),
(947, 35, 5, 1),
(948, 36, 5, 1),
(949, 37, 5, 1),
(950, 38, 5, 1),
(951, 1, 5, 2),
(952, 2, 5, 2),
(953, 3, 5, 2),
(954, 4, 5, 2),
(955, 5, 5, 2),
(956, 6, 5, 2),
(957, 7, 5, 2),
(958, 8, 5, 2),
(959, 9, 5, 2),
(960, 10, 5, 2),
(961, 11, 5, 2),
(962, 12, 5, 2),
(963, 13, 5, 2),
(964, 14, 5, 2),
(965, 15, 5, 2),
(966, 16, 5, 2),
(967, 17, 5, 2),
(968, 18, 5, 2),
(969, 19, 5, 2),
(970, 20, 5, 2),
(971, 21, 5, 2),
(972, 22, 5, 2),
(973, 23, 5, 2),
(974, 24, 5, 2),
(975, 25, 5, 2),
(976, 26, 5, 2),
(977, 27, 5, 2),
(978, 28, 5, 2),
(979, 29, 5, 2),
(980, 30, 5, 2),
(981, 31, 5, 2),
(982, 32, 5, 2),
(983, 33, 5, 2),
(984, 34, 5, 2),
(985, 35, 5, 2),
(986, 36, 5, 2),
(987, 37, 5, 2),
(988, 38, 5, 2),
(989, 1, 5, 3),
(990, 2, 5, 3),
(991, 3, 5, 3),
(992, 4, 5, 3),
(993, 5, 5, 3),
(994, 6, 5, 3),
(995, 7, 5, 3),
(996, 8, 5, 3),
(997, 9, 5, 3),
(998, 10, 5, 3),
(999, 11, 5, 3),
(1000, 12, 5, 3),
(1001, 13, 5, 3),
(1002, 14, 5, 3),
(1003, 15, 5, 3),
(1004, 16, 5, 3),
(1005, 17, 5, 3),
(1006, 18, 5, 3),
(1007, 19, 5, 3),
(1008, 20, 5, 3),
(1009, 21, 5, 3),
(1010, 22, 5, 3),
(1011, 23, 5, 3),
(1012, 24, 5, 3),
(1013, 25, 5, 3),
(1014, 26, 5, 3),
(1015, 27, 5, 3),
(1016, 28, 5, 3),
(1017, 29, 5, 3),
(1018, 30, 5, 3),
(1019, 31, 5, 3),
(1020, 32, 5, 3),
(1021, 33, 5, 3),
(1022, 34, 5, 3),
(1023, 35, 5, 3),
(1024, 36, 5, 3),
(1025, 37, 5, 3),
(1026, 38, 5, 3),
(1027, 1, 5, 4),
(1028, 2, 5, 4),
(1029, 3, 5, 4),
(1030, 4, 5, 4),
(1031, 5, 5, 4),
(1032, 6, 5, 4),
(1033, 7, 5, 4),
(1034, 8, 5, 4),
(1035, 9, 5, 4),
(1036, 10, 5, 4),
(1037, 11, 5, 4),
(1038, 12, 5, 4),
(1039, 13, 5, 4),
(1040, 14, 5, 4),
(1041, 15, 5, 4),
(1042, 16, 5, 4),
(1043, 17, 5, 4),
(1044, 18, 5, 4),
(1045, 19, 5, 4),
(1046, 20, 5, 4),
(1047, 21, 5, 4),
(1048, 22, 5, 4),
(1049, 23, 5, 4),
(1050, 24, 5, 4),
(1051, 25, 5, 4),
(1052, 26, 5, 4),
(1053, 27, 5, 4),
(1054, 28, 5, 4),
(1055, 29, 5, 4),
(1056, 30, 5, 4),
(1057, 31, 5, 4),
(1058, 32, 5, 4),
(1059, 33, 5, 4),
(1060, 34, 5, 4),
(1061, 35, 5, 4),
(1062, 36, 5, 4),
(1063, 37, 5, 4),
(1064, 38, 5, 4),
(1065, 1, 5, 5),
(1066, 2, 5, 5),
(1067, 3, 5, 5),
(1068, 4, 5, 5),
(1069, 5, 5, 5),
(1070, 6, 5, 5),
(1071, 7, 5, 5),
(1072, 8, 5, 5),
(1073, 9, 5, 5),
(1074, 10, 5, 5),
(1075, 11, 5, 5),
(1076, 12, 5, 5),
(1077, 13, 5, 5),
(1078, 14, 5, 5),
(1079, 15, 5, 5),
(1080, 16, 5, 5),
(1081, 17, 5, 5),
(1082, 18, 5, 5),
(1083, 19, 5, 5),
(1084, 20, 5, 5),
(1085, 21, 5, 5),
(1086, 22, 5, 5),
(1087, 23, 5, 5),
(1088, 24, 5, 5),
(1089, 25, 5, 5),
(1090, 26, 5, 5),
(1091, 27, 5, 5),
(1092, 28, 5, 5),
(1093, 29, 5, 5),
(1094, 30, 5, 5),
(1095, 31, 5, 5),
(1096, 32, 5, 5),
(1097, 33, 5, 5),
(1098, 34, 5, 5),
(1099, 35, 5, 5),
(1100, 36, 5, 5),
(1101, 37, 5, 5),
(1102, 38, 5, 5),
(1103, 1, 5, 6),
(1104, 2, 5, 6),
(1105, 3, 5, 6),
(1106, 4, 5, 6),
(1107, 5, 5, 6),
(1108, 6, 5, 6),
(1109, 7, 5, 6),
(1110, 8, 5, 6),
(1111, 9, 5, 6),
(1112, 10, 5, 6),
(1113, 11, 5, 6),
(1114, 12, 5, 6),
(1115, 13, 5, 6),
(1116, 14, 5, 6),
(1117, 15, 5, 6),
(1118, 16, 5, 6),
(1119, 17, 5, 6),
(1120, 18, 5, 6),
(1121, 19, 5, 6),
(1122, 20, 5, 6),
(1123, 21, 5, 6),
(1124, 22, 5, 6),
(1125, 23, 5, 6),
(1126, 24, 5, 6),
(1127, 25, 5, 6),
(1128, 26, 5, 6),
(1129, 27, 5, 6),
(1130, 28, 5, 6),
(1131, 29, 5, 6),
(1132, 30, 5, 6),
(1133, 31, 5, 6),
(1134, 32, 5, 6),
(1135, 33, 5, 6),
(1136, 34, 5, 6),
(1137, 35, 5, 6),
(1138, 36, 5, 6),
(1139, 37, 5, 6),
(1140, 38, 5, 6);

-- --------------------------------------------------------

--
-- Table structure for table `grupos`
--

CREATE TABLE `grupos` (
  `id` int(11) NOT NULL,
  `numero` int(11) NOT NULL,
  `anno` int(11) NOT NULL
) ENGINE=InnoDB DEFAULT CHARSET=utf8mb4;

--
-- Dumping data for table `grupos`
--

INSERT INTO `grupos` (`id`, `numero`, `anno`) VALUES
(1, 1101, 1),
(2, 1102, 1),
(3, 1103, 1),
(4, 1104, 1),
(5, 1105, 1),
(6, 1106, 1),
(7, 1201, 2),
(8, 1202, 2),
(9, 1203, 2),
(10, 1204, 2),
(11, 1205, 2),
(12, 1206, 2),
(13, 1301, 3),
(14, 1302, 3),
(15, 1303, 3),
(16, 1304, 3),
(17, 1305, 3),
(18, 1306, 3),
(19, 1401, 4),
(20, 1402, 4),
(21, 1403, 4),
(22, 1404, 4),
(23, 1405, 4),
(24, 1406, 4),
(25, 1501, 5),
(26, 1502, 5),
(27, 1503, 5),
(28, 1504, 5),
(29, 1505, 5),
(30, 1506, 5);

-- --------------------------------------------------------

--
-- Table structure for table `locales`
--

CREATE TABLE `locales` (
  `id` int(11) NOT NULL,
  `local` varchar(255) NOT NULL,
  `tipo` int(11) NOT NULL,
  `disponibilidad` bit(1) NOT NULL
) ENGINE=InnoDB DEFAULT CHARSET=utf8mb4;

--
-- Dumping data for table `locales`
--

INSERT INTO `locales` (`id`, `local`, `tipo`, `disponibilidad`) VALUES
(1, '401', 1, b'1'),
(2, '402', 1, b'1'),
(3, '403', 1, b'1'),
(4, '404', 1, b'1'),
(5, '405', 1, b'1'),
(6, '201', 2, b'1'),
(7, '301', 2, b'1'),
(8, '202', 2, b'1'),
(9, '302', 2, b'1'),
(10, '203', 2, b'1'),
(11, '303', 2, b'1'),
(12, '204', 2, b'1'),
(13, '304', 2, b'1'),
(14, '205', 2, b'1'),
(15, '305', 2, b'1'),
(16, '206', 2, b'1'),
(17, '306', 2, b'1'),
(18, '207', 2, b'1'),
(19, '307', 2, b'1'),
(20, '208', 2, b'1'),
(21, '308', 2, b'1'),
(22, '201', 3, b'1'),
(23, '301', 3, b'1'),
(24, '202', 3, b'1'),
(25, '302', 3, b'1'),
(26, '203', 3, b'1'),
(27, '303', 3, b'1'),
(28, '204', 3, b'1'),
(29, '304', 3, b'1'),
(30, '205', 3, b'1'),
(31, '305', 3, b'1'),
(32, '206', 3, b'1'),
(33, '306', 3, b'1'),
(34, '207', 3, b'1'),
(35, '307', 3, b'1'),
(36, '208', 3, b'1'),
(37, '308', 3, b'1'),
(38, 'cancha', 4, b'1');

-- --------------------------------------------------------

--
-- Table structure for table `planificacion`
--

CREATE TABLE `planificacion` (
  `id` int(11) NOT NULL,
  `id_asig` int(11) NOT NULL,
  `id_grup` int(11) NOT NULL,
  `id_prof` int(11) NOT NULL
) ENGINE=InnoDB DEFAULT CHARSET=utf8mb4;

-- --------------------------------------------------------

--
-- Table structure for table `profesores`
--

CREATE TABLE `profesores` (
  `id` int(11) NOT NULL,
  `nombre` varchar(255) NOT NULL,
  `tipo_de_clase` int(11) NOT NULL,
  `id_asig` int(11) NOT NULL
) ENGINE=InnoDB DEFAULT CHARSET=utf8mb4;

--
-- Dumping data for table `profesores`
--

INSERT INTO `profesores` (`id`, `nombre`, `tipo_de_clase`, `id_asig`) VALUES
(1, 'prof_C', 1, 1),
(2, 'prof_CP', 2, 1),
(3, 'prof_LAB', 3, 1),
(4, 'prof_NP', 4, 1),
(5, 'prof_C', 1, 2),
(6, 'prof_CP', 2, 2),
(7, 'prof_LAB', 3, 2),
(8, 'prof_NP', 4, 2),
(9, 'prof_C', 1, 3),
(10, 'prof_CP', 2, 3),
(11, 'prof_LAB', 3, 3),
(12, 'prof_NP', 4, 3),
(13, 'prof_C', 1, 4),
(14, 'prof_CP', 2, 4),
(15, 'prof_LAB', 3, 4),
(16, 'prof_NP', 4, 4),
(17, 'prof_C', 1, 5),
(18, 'prof_CP', 2, 5),
(19, 'prof_LAB', 3, 5),
(20, 'prof_NP', 4, 5),
(21, 'prof_C', 1, 6),
(22, 'prof_CP', 2, 6),
(23, 'prof_LAB', 3, 6),
(24, 'prof_NP', 4, 6);

-- --------------------------------------------------------

--
-- Table structure for table `secciones`
--

CREATE TABLE `secciones` (
  `id` int(11) NOT NULL,
  `nombre` varchar(255) NOT NULL
) ENGINE=InnoDB DEFAULT CHARSET=utf8mb4;

--
-- Dumping data for table `secciones`
--

INSERT INTO `secciones` (`id`, `nombre`) VALUES
(1, 'mañana'),
(2, 'tarde');

-- --------------------------------------------------------

--
-- Table structure for table `tipo_de_clases`
--

CREATE TABLE `tipo_de_clases` (
  `id` int(11) NOT NULL,
  `tipo` varchar(255) NOT NULL
) ENGINE=InnoDB DEFAULT CHARSET=utf8mb4;

--
-- Dumping data for table `tipo_de_clases`
--

INSERT INTO `tipo_de_clases` (`id`, `tipo`) VALUES
(1, 'C'),
(2, 'CP'),
(3, 'LAB'),
(4, 'NP');

-- --------------------------------------------------------

--
-- Table structure for table `tipo_de_locales`
--

CREATE TABLE `tipo_de_locales` (
  `id` int(11) NOT NULL,
  `tipo` varchar(255) NOT NULL
) ENGINE=InnoDB DEFAULT CHARSET=utf8mb4;

--
-- Dumping data for table `tipo_de_locales`
--

INSERT INTO `tipo_de_locales` (`id`, `tipo`) VALUES
(1, 'Salon'),
(2, 'Aula'),
(3, 'Laboratorio'),
(4, 'Deporte');

--
-- Indexes for dumped tables
--

--
-- Indexes for table `afectaciones`
--
ALTER TABLE `afectaciones`
  ADD PRIMARY KEY (`id`),
  ADD KEY `id_afect` (`id_afect`),
  ADD KEY `id_supl` (`id_supl`);

--
-- Indexes for table `asignaciones`
--
ALTER TABLE `asignaciones`
  ADD PRIMARY KEY (`id`),
  ADD KEY `id_disp` (`id_disp`),
  ADD KEY `id_planif` (`id_planif`);

--
-- Indexes for table `asignaturas`
--
ALTER TABLE `asignaturas`
  ADD PRIMARY KEY (`id`),
  ADD KEY `seccion` (`seccion`);

--
-- Indexes for table `balance_de_carga`
--
ALTER TABLE `balance_de_carga`
  ADD PRIMARY KEY (`id`),
  ADD KEY `id_asig` (`id_asig`),
  ADD KEY `tipo_de_clases` (`tipo_de_clases`);

--
-- Indexes for table `disponibilidad`
--
ALTER TABLE `disponibilidad`
  ADD PRIMARY KEY (`id`),
  ADD KEY `local` (`local`);

--
-- Indexes for table `grupos`
--
ALTER TABLE `grupos`
  ADD PRIMARY KEY (`id`);

--
-- Indexes for table `locales`
--
ALTER TABLE `locales`
  ADD PRIMARY KEY (`id`),
  ADD KEY `tipo` (`tipo`);

--
-- Indexes for table `planificacion`
--
ALTER TABLE `planificacion`
  ADD PRIMARY KEY (`id`),
  ADD KEY `id_asig` (`id_asig`),
  ADD KEY `id_grup` (`id_grup`),
  ADD KEY `id_prof` (`id_prof`);

--
-- Indexes for table `profesores`
--
ALTER TABLE `profesores`
  ADD PRIMARY KEY (`id`),
  ADD KEY `tipo_de_clase_que_imparte` (`tipo_de_clase`),
  ADD KEY `id_asig` (`id_asig`),
  ADD KEY `tipo_de_clase` (`tipo_de_clase`);

--
-- Indexes for table `secciones`
--
ALTER TABLE `secciones`
  ADD PRIMARY KEY (`id`);

--
-- Indexes for table `tipo_de_clases`
--
ALTER TABLE `tipo_de_clases`
  ADD PRIMARY KEY (`id`);

--
-- Indexes for table `tipo_de_locales`
--
ALTER TABLE `tipo_de_locales`
  ADD PRIMARY KEY (`id`);

--
-- Constraints for dumped tables
--

--
-- Constraints for table `afectaciones`
--
ALTER TABLE `afectaciones`
  ADD CONSTRAINT `afectaciones_ibfk_1` FOREIGN KEY (`id_afect`) REFERENCES `profesores` (`id`) ON DELETE CASCADE ON UPDATE CASCADE,
  ADD CONSTRAINT `afectaciones_ibfk_2` FOREIGN KEY (`id_supl`) REFERENCES `profesores` (`id`) ON DELETE CASCADE ON UPDATE CASCADE;

--
-- Constraints for table `asignaciones`
--
ALTER TABLE `asignaciones`
  ADD CONSTRAINT `asignaciones_ibfk_1` FOREIGN KEY (`id_disp`) REFERENCES `disponibilidad` (`id`) ON DELETE CASCADE ON UPDATE CASCADE,
  ADD CONSTRAINT `asignaciones_ibfk_2` FOREIGN KEY (`id_planif`) REFERENCES `planificacion` (`id`) ON DELETE CASCADE ON UPDATE CASCADE;

--
-- Constraints for table `asignaturas`
--
ALTER TABLE `asignaturas`
  ADD CONSTRAINT `asignaturas_ibfk_1` FOREIGN KEY (`seccion`) REFERENCES `secciones` (`id`) ON DELETE CASCADE ON UPDATE CASCADE;

--
-- Constraints for table `balance_de_carga`
--
ALTER TABLE `balance_de_carga`
  ADD CONSTRAINT `balance_de_carga_ibfk_2` FOREIGN KEY (`id_asig`) REFERENCES `asignaturas` (`id`) ON DELETE CASCADE ON UPDATE CASCADE;

--
-- Constraints for table `disponibilidad`
--
ALTER TABLE `disponibilidad`
  ADD CONSTRAINT `disponibilidad_ibfk_1` FOREIGN KEY (`local`) REFERENCES `locales` (`id`) ON DELETE CASCADE ON UPDATE CASCADE;

--
-- Constraints for table `locales`
--
ALTER TABLE `locales`
  ADD CONSTRAINT `locales_ibfk_1` FOREIGN KEY (`tipo`) REFERENCES `tipo_de_locales` (`id`) ON DELETE CASCADE ON UPDATE CASCADE;

--
-- Constraints for table `planificacion`
--
ALTER TABLE `planificacion`
  ADD CONSTRAINT `planificacion_ibfk_1` FOREIGN KEY (`id_grup`) REFERENCES `grupos` (`id`) ON DELETE CASCADE ON UPDATE CASCADE,
  ADD CONSTRAINT `planificacion_ibfk_2` FOREIGN KEY (`id_prof`) REFERENCES `profesores` (`id`) ON DELETE CASCADE ON UPDATE CASCADE,
  ADD CONSTRAINT `planificacion_ibfk_3` FOREIGN KEY (`id_asig`) REFERENCES `asignaturas` (`id`) ON DELETE CASCADE ON UPDATE CASCADE;

--
-- Constraints for table `profesores`
--
ALTER TABLE `profesores`
  ADD CONSTRAINT `profesores_ibfk_1` FOREIGN KEY (`tipo_de_clase`) REFERENCES `tipo_de_clases` (`id`) ON DELETE CASCADE ON UPDATE CASCADE,
  ADD CONSTRAINT `profesores_ibfk_2` FOREIGN KEY (`id_asig`) REFERENCES `asignaturas` (`id`) ON DELETE CASCADE ON UPDATE CASCADE;
COMMIT;

/*!40101 SET CHARACTER_SET_CLIENT=@OLD_CHARACTER_SET_CLIENT */;
/*!40101 SET CHARACTER_SET_RESULTS=@OLD_CHARACTER_SET_RESULTS */;
/*!40101 SET COLLATION_CONNECTION=@OLD_COLLATION_CONNECTION */;
